[
  {
    "id": "/subscriptions/28de1fcc-346e-4071-a2a1-01fe14a4a547/resourceGroups/rg-dio-projetoum/providers/Microsoft.Resources/deployments/Microsoft.MachineLearningServices/operations/7FDE9E0BE151201B",
    "operationId": "7FDE9E0BE151201B",
    "properties": {
      "provisioningOperation": "Create",
      "provisioningState": "Succeeded",
      "timestamp": "2026-02-10T22:49:30.1579398Z",
      "duration": "PT19.1176836S",
      "trackingId": "dbde3321-da01-4e95-9ff9-bc00ff0679f7",
      "statusCode": "OK",
      "targetResource": {
        "id": "/subscriptions/28de1fcc-346e-4071-a2a1-01fe14a4a547/resourceGroups/rg-dio-projetoum/providers/Microsoft.MachineLearningServices/workspaces/projetodois-dio",
        "resourceType": "Microsoft.MachineLearningServices/workspaces",
        "resourceName": "projetodois-dio"
      }
    }
  },
  {
    "id": "/subscriptions/28de1fcc-346e-4071-a2a1-01fe14a4a547/resourceGroups/rg-dio-projetoum/providers/Microsoft.Resources/deployments/Microsoft.MachineLearningServices/operations/A04222E0C0A01C24",
    "operationId": "A04222E0C0A01C24",
    "properties": {
      "provisioningOperation": "Create",
      "provisioningState": "Succeeded",
      "timestamp": "2026-02-10T22:49:10.5703583Z",
      "duration": "PT20.4462228S",
      "trackingId": "5de6f62c-717d-4a8d-804d-0ed4d77f61e3",
      "statusCode": "OK",
      "targetResource": {
        "id": "/subscriptions/28de1fcc-346e-4071-a2a1-01fe14a4a547/resourceGroups/rg-dio-projetoum/providers/Microsoft.CognitiveServices/accounts/projetodoisdio2726525235",
        "resourceType": "Microsoft.CognitiveServices/accounts",
        "resourceName": "projetodoisdio2726525235"
      }
    }
  },
  {
    "id": "/subscriptions/28de1fcc-346e-4071-a2a1-01fe14a4a547/resourceGroups/rg-dio-projetoum/providers/Microsoft.Resources/deployments/Microsoft.MachineLearningServices/operations/EB0628F10DFC4ED9",
    "operationId": "EB0628F10DFC4ED9",
    "properties": {
      "provisioningOperation": "Create",
      "provisioningState": "Succeeded",
      "timestamp": "2026-02-10T22:49:10.5703583Z",
      "duration": "PT19.5393231S",
      "trackingId": "8ebcd617-cca9-461f-801c-923cf5de9869",
      "statusCode": "OK",
      "targetResource": {
        "id": "/subscriptions/28de1fcc-346e-4071-a2a1-01fe14a4a547/resourceGroups/rg-dio-projetoum/providers/Microsoft.Storage/storageAccounts/projetodoisdio0518240661",
        "resourceType": "Microsoft.Storage/storageAccounts",
        "resourceName": "projetodoisdio0518240661"
      }
    }
  },
  {
    "id": "/subscriptions/28de1fcc-346e-4071-a2a1-01fe14a4a547/resourceGroups/rg-dio-projetoum/providers/Microsoft.Resources/deployments/Microsoft.MachineLearningServices/operations/E05C61D4BA437CAC",
    "operationId": "E05C61D4BA437CAC",
    "properties": {
      "provisioningOperation": "Create",
      "provisioningState": "Succeeded",
      "timestamp": "2026-02-10T22:49:10.5703583Z",
      "duration": "PT17.1723161S",
      "trackingId": "58673739-9e3f-4a3b-b16a-bf628d6cea96",
      "statusCode": "OK",
      "targetResource": {
        "id": "/subscriptions/28de1fcc-346e-4071-a2a1-01fe14a4a547/resourceGroups/rg-dio-projetoum/providers/Microsoft.KeyVault/vaults/projetodoisdio5246080813",
        "resourceType": "Microsoft.KeyVault/vaults",
        "resourceName": "projetodoisdio5246080813"
      }
    }
  },
  {
    "id": "/subscriptions/28de1fcc-346e-4071-a2a1-01fe14a4a547/resourceGroups/rg-dio-projetoum/providers/Microsoft.Resources/deployments/Microsoft.MachineLearningServices/operations/08584308431354051129",
    "operationId": "08584308431354051129",
    "properties": {
      "provisioningOperation": "EvaluateDeploymentOutput",
      "provisioningState": "Succeeded",
      "timestamp": "2026-02-10T22:49:49.3305089Z",
      "duration": "PT0.0701155S",
      "trackingId": "ea2479b4-03b0-4b06-b454-97588d5da2d7",
      "statusCode": "OK"
    }
  }
]