{
  "id": "/subscriptions/28de1fcc-346e-4071-a2a1-01fe14a4a547/resourceGroups/rg-dio-projetoum/providers/Microsoft.Resources/deployments/Microsoft.MachineLearningServices",
  "name": "Microsoft.MachineLearningServices",
  "type": "Microsoft.Resources/deployments",
  "properties": {
    "templateHash": "17360701480402821916",
    "parameters": {
      "workspaceName": {
        "type": "String",
        "value": "projetodois-dio"
      },
      "friendlyName": {
        "type": "String",
        "value": "Projetodois dio"
      },
      "description": {
        "type": "String",
        "value": ""
      },
      "kind": {
        "type": "String",
        "value": "Hub"
      },
      "location": {
        "type": "String",
        "value": "eastus"
      },
      "resourceGroupName": {
        "type": "String",
        "value": "rg-dio-projetoum"
      },
      "appInsightsLogWorkspaceName": {
        "type": "String",
        "value": "air5xu3h3tr6xqs"
      },
      "sku": {
        "type": "String",
        "value": "Basic"
      },
      "identityType": {
        "type": "String",
        "value": "systemAssigned"
      },
      "primaryUserAssignedIdentityResourceGroup": {
        "type": "String",
        "value": "rg-dio-projetoum"
      },
      "primaryUserAssignedIdentityName": {
        "type": "String",
        "value": ""
      },
      "storageAccountOption": {
        "type": "String",
        "value": "new"
      },
      "storageAccountName": {
        "type": "String",
        "value": "projetodoisdio0518240661"
      },
      "storageAccountType": {
        "type": "String",
        "value": "Standard_LRS"
      },
      "storageAccountBehindVNet": {
        "type": "String",
        "value": "false"
      },
      "storageAccountResourceGroupName": {
        "type": "String",
        "value": "rg-dio-projetoum"
      },
      "storageAccountLocation": {
        "type": "String",
        "value": "eastus"
      },
      "storageAccountHnsEnabled": {
        "type": "Bool",
        "value": false
      },
      "enableServiceSideCMKEncryption": {
        "type": "Bool",
        "value": false
      },
      "managedKeyVaultType": {
        "type": "String",
        "value": "byoKeyVault"
      },
      "keyVaultOption": {
        "type": "String",
        "value": "new"
      },
      "keyVaultName": {
        "type": "String",
        "value": "projetodoisdio5246080813"
      },
      "keyVaultBehindVNet": {
        "type": "String",
        "value": "false"
      },
      "keyVaultResourceGroupName": {
        "type": "String",
        "value": "rg-dio-projetoum"
      },
      "keyVaultLocation": {
        "type": "String",
        "value": "eastus"
      },
      "applicationInsightsOption": {
        "type": "String",
        "value": "none"
      },
      "applicationInsightsName": {
        "type": "String",
        "value": "projetodoisdio3274191483"
      },
      "applicationInsightsResourceGroupName": {
        "type": "String",
        "value": "rg-dio-projetoum"
      },
      "applicationInsightsLocation": {
        "type": "String",
        "value": "eastus"
      },
      "containerRegistryOption": {
        "type": "String",
        "value": "none"
      },
      "containerRegistryName": {
        "type": "String",
        "value": "crr5xu3h3tr6xqs"
      },
      "containerRegistrySku": {
        "type": "String",
        "value": "Standard"
      },
      "containerRegistryResourceGroupName": {
        "type": "String",
        "value": "rg-dio-projetoum"
      },
      "containerRegistryBehindVNet": {
        "type": "String",
        "value": "false"
      },
      "containerRegistryLocation": {
        "type": "String",
        "value": "eastus"
      },
      "vnetOption": {
        "type": "String",
        "value": "none"
      },
      "vnetName": {
        "type": "String",
        "value": "vnr5xu3h3tr6xqs"
      },
      "vnetResourceGroupName": {
        "type": "String",
        "value": "rg-dio-projetoum"
      },
      "delegateSubnetId": {
        "type": "String",
        "value": "none"
      },
      "delegateSubnetName": {
        "type": "String",
        "value": ""
      },
      "addressPrefixes": {
        "type": "Array",
        "value": [
          "10.0.0.0/16"
        ]
      },
      "subnetOption": {
        "type": "String",
        "value": "none"
      },
      "subnetName": {
        "type": "String",
        "value": "snr5xu3h3tr6xqs"
      },
      "subnetPrefix": {
        "type": "String",
        "value": "10.0.0.0/24"
      },
      "adbWorkspace": {
        "type": "String",
        "value": ""
      },
      "confidential_data": {
        "type": "String",
        "value": "false"
      },
      "encryption_status": {
        "type": "String",
        "value": "Disabled"
      },
      "cmk_keyvault": {
        "type": "String",
        "value": ""
      },
      "resource_cmk_uri": {
        "type": "String",
        "value": ""
      },
      "privateEndpointType": {
        "type": "String",
        "value": "none"
      },
      "tagValues": {
        "type": "Object",
        "value": {}
      },
      "privateEndpointName": {
        "type": "String",
        "value": "pe"
      },
      "privateEndpointResourceGroupName": {
        "type": "String",
        "value": "rg-dio-projetoum"
      },
      "privateEndpointSubscription": {
        "type": "String",
        "value": "28de1fcc-346e-4071-a2a1-01fe14a4a547"
      },
      "systemDatastoresAuthMode": {
        "type": "String",
        "value": "accessKey"
      },
      "allowSharedKeyAccess": {
        "type": "String",
        "value": "true"
      },
      "managedNetwork": {
        "type": "Object",
        "value": {
          "isolationMode": "Disabled"
        }
      },
      "provisionNetworkNow": {
        "type": "String",
        "value": "false"
      },
      "defaultProjectResourceGroup": {
        "type": "String",
        "value": "/subscriptions/28de1fcc-346e-4071-a2a1-01fe14a4a547/resourceGroups/rg-dio-projetoum"
      },
      "aiServicesOption": {
        "type": "String",
        "value": "new"
      },
      "aiServicesKind": {
        "type": "String",
        "value": "AIServices"
      },
      "endpointOption": {
        "type": "String",
        "value": "none"
      },
      "aiServicesName": {
        "type": "String",
        "value": "projetodoisdio2726525235"
      },
      "aiServicesLocation": {
        "type": "String",
        "value": "eastus"
      },
      "aiServicesResourceGroupName": {
        "type": "String",
        "value": "rg-dio-projetoum"
      },
      "publicNetworkAccess": {
        "type": "String",
        "value": "Enabled"
      }
    },
    "mode": "Incremental",
    "debugSetting": {
      "detailLevel": "None"
    },
    "provisioningState": "Succeeded",
    "timestamp": "2026-02-10T22:49:49.4474997Z",
    "duration": "PT39.381766S",
    "correlationId": "d215a627-dba6-46bc-a9a9-832229de14f8",
    "providers": [
      {
        "namespace": "Microsoft.Storage",
        "resourceTypes": [
          {
            "resourceType": "storageAccounts",
            "locations": [
              "eastus"
            ]
          }
        ]
      },
      {
        "namespace": "Microsoft.KeyVault",
        "resourceTypes": [
          {
            "resourceType": "vaults",
            "locations": [
              "eastus"
            ]
          }
        ]
      },
      {
        "namespace": "Microsoft.MachineLearningServices",
        "resourceTypes": [
          {
            "resourceType": "workspaces",
            "locations": [
              "eastus"
            ]
          }
        ]
      },
      {
        "namespace": "Microsoft.CognitiveServices",
        "resourceTypes": [
          {
            "resourceType": "accounts",
            "locations": [
              "eastus"
            ]
          }
        ]
      }
    ],
    "dependencies": [
      {
        "dependsOn": [
          {
            "id": "/subscriptions/28de1fcc-346e-4071-a2a1-01fe14a4a547/resourceGroups/rg-dio-projetoum/providers/Microsoft.Storage/storageAccounts/projetodoisdio0518240661",
            "resourceType": "Microsoft.Storage/storageAccounts",
            "resourceName": "projetodoisdio0518240661"
          },
          {
            "id": "/subscriptions/28de1fcc-346e-4071-a2a1-01fe14a4a547/resourceGroups/rg-dio-projetoum/providers/Microsoft.KeyVault/vaults/projetodoisdio5246080813",
            "resourceType": "Microsoft.KeyVault/vaults",
            "resourceName": "projetodoisdio5246080813"
          }
        ],
        "id": "/subscriptions/28de1fcc-346e-4071-a2a1-01fe14a4a547/resourceGroups/rg-dio-projetoum/providers/Microsoft.MachineLearningServices/workspaces/projetodois-dio",
        "resourceType": "Microsoft.MachineLearningServices/workspaces",
        "resourceName": "projetodois-dio"
      }
    ],
    "outputs": {},
    "outputResources": [
      {
        "id": "/subscriptions/28de1fcc-346e-4071-a2a1-01fe14a4a547/resourceGroups/rg-dio-projetoum/providers/Microsoft.CognitiveServices/accounts/projetodoisdio2726525235"
      },
      {
        "id": "/subscriptions/28de1fcc-346e-4071-a2a1-01fe14a4a547/resourceGroups/rg-dio-projetoum/providers/Microsoft.KeyVault/vaults/projetodoisdio5246080813"
      },
      {
        "id": "/subscriptions/28de1fcc-346e-4071-a2a1-01fe14a4a547/resourceGroups/rg-dio-projetoum/providers/Microsoft.MachineLearningServices/workspaces/projetodois-dio"
      },
      {
        "id": "/subscriptions/28de1fcc-346e-4071-a2a1-01fe14a4a547/resourceGroups/rg-dio-projetoum/providers/Microsoft.Storage/storageAccounts/projetodoisdio0518240661"
      }
    ],
    "validationLevel": "Template"
  },
  "tags": {
    "primaryResourceId": "/subscriptions/28de1fcc-346e-4071-a2a1-01fe14a4a547/resourcegroups/rg-dio-projetoum/providers/Microsoft.MachineLearningServices/workspaces/projetodois-dio",
    "provisioningHash": "iwuh-wccbe-tt0-2enb-ioes-849e-tircx-guw6"
  }
}